Statement,Content,Publication,Read_Time,Date,Year,Claps,comments
Web development explained to a time traveler from ten yearsÂ ago,,Weâ€™ve moved to freeCodeCamp.org/news,10 min read,"Oct 16,",2017,30K,92 responses
"The Ultimate Guide to Learning Full Stack Web Development in 6 months, forÂ $30",,codeburst,7 min read,"Oct 16,",2017,29K,84 responses
Full-Stack Web Developmentâ€Šâ€”â€Šthe CompleteÂ Roadmap,,HackerNoon.com,9 min read,"Aug 18,",2017,11.1K,41 responses
Increase your web development skill-set: 150 animated tips on ChromeÂ DevTools,,Dev Channel,3 min read,"Aug 17,",2017,12.7K,21 responses
Micro frontendsâ€”a microservice approach to front-end web development,,,,"Jul 6,",2017,6.9K,49 responses
Angular vs. React: Which Is Better for Web Development?,,codeburst,23 min read,"Aug 8,",2017,7.1K,46 responses
8 top must-use tools to boost your web development workflow,,HackerNoon.com,12 min read,"Aug 26,",2017,6.8K,40 responses
100+ FREE Resources to Learn Full Stack Web Development,,codeburst,9 min read,"Mar 16,",2017,4.93K,38 responses
Stop using CSS in JavaScript for web development,,,9 min read,"Apr 27,",2017,6.3K,103 responses
React Ruined Web Development ğŸ™‰,,Building Productive,5 min read,Jun 17,,6.2K,68 responses
Software Architecture - The Difference Between Architecture andÂ Design,,codeburst,7 min read,"Jul 27,",2018,11K,47 responses
Angular is Costing Companies Billions,,JavaScript in Plain English,6 min read,Jul 14,,10.9K,441 responses
22 Best Practices to Take Your API Design Skills to the NextÂ Level,,Better Programming,6 min read,Apr 15,,7.3K,30 responses
Writing CSS with Accessibility inÂ Mind,,,22 min read,"Sep 18,",2017,8.6K,27 responses
17 Killer Websites for Web Developers,,JavaScript in Plain English,4 min read,Sep 13,,4.6K,25 responses
Building Future Web Apps With JavaScript andÂ Django,,Facebook Developer Circles Lagos,12 min read,"Mar 25,",2018,4.2K,18 responses
Should You Stop Using Objects and Arrays to StoreÂ Data?,,JavaScript in Plain English,6 min read,"Nov 3,",2020,2.8K,28 responses
13 JavaScript One-Liners Thatâ€™ll Make You Look Like aÂ Pro,,DailyJS,5 min read,Jan 19,,3K,26 responses
The Must-Know Checklist For DevOps & Site Reliability Engineers,,FAUN Publication,8 min read,"Jan 13,",2017,2.1K,18 responses
"This is the Future of Webdev. Crazy,Â Right?","Sorry, itâ€™s not TypeScript or WebAssembly. Itâ€™s not even React or GraphQL.",,20 min read,Jun 29,,3.4K,73 responses
How to Set Up Your Mac for Web Development inÂ 2020,,Better Programming,15 min read,"Mar 26,",2020,3.5K,17 responses
Web-Development is running into the wrong direction,"As a Backend- and native-app-developer I spent 10 days recently with â€œmodernâ€ Web-Application development (JavaScript, VueJS, Babel, WebPackâ€¦ you name it). This is what I have learned so far:",,2 min read,Jan 24,,3.5K,111 responses
How to land a remote freelance web development job in 21 days without a fleshed out portfolio,,HackerNoon.com,4 min read,"Aug 2,",2018,4.5K,13 responses
The absolute beginnerâ€™s guide to learning web development inÂ 2018,,Weâ€™ve moved to freeCodeCamp.org/news,33 min read,"Mar 2,",2018,7.2K,32 responses
14 Useful Tools That I Use for Faster and Easier Web Development,,JavaScript in Plain English,5 min read,Mar 1,,2.3K,13 responses
How to Improve Your JavaScript Skills by Writing Your Own Web Development Framework,,Weâ€™ve moved to freeCodeCamp.org/news,5 min read,"Jun 26,",2018,4K,10 responses
A practical road-map for web development.,,codeburst,7 min read,"Jan 14,",2018,4.7K,17 responses
How to set up your Mac for Web Development,While you can build basic websites with nothing more than a text editor and browserâ€¦,Weâ€™ve moved to freeCodeCamp.org/news,5 min read,"Feb 1,",2019,2.7K,12 responses
Modern Web Development,,HackerNoon.com,34 min read,"Feb 24,",2017,1.8K,48 responses
Learning web development? Feel like you are getting nowhere and that it may never payÂ off?,,Career Change Coders,3 min read,"Jul 29,",2017,1.7K,19 responses
Want to learn web development but donâ€™t know where toÂ start?,,Weâ€™ve moved to freeCodeCamp.org/news,6 min read,"Jun 30,",2017,3K,50 responses
Front-end web development is not what you think itÂ is.,,codeburst,5 min read,"Sep 20,",2017,4.3K,16 responses
From web development to software development: How I gotÂ started,,Bento Systems,7 min read,"Jun 13,",2018,3.7K,13 responses
Why Progressive Web Apps Are The Future Of Web Development,,Weâ€™ve moved to freeCodeCamp.org/news,4 min read,"Dec 5,",2017,3.5K,8 responses
Why is there so much to learn in web development?,,,13 min read,"Jun 3,",2018,4K,31 responses
NodeJS vs Ruby on Rails comparison 2017. Which is the best for web development?,,,4 min read,"Feb 3,",2017,3.4K,30 responses
The 2019 Roadmap To Fullstack Web Development,This post has been published first on CodingTheSmartWay.com.,CodingTheSmartWay.com Blog,10 min read,"Nov 14,",2018,2.6K,17 responses
How I wasted two years of my life trying to learn web development before discovering Free CodeÂ Camp,,Weâ€™ve moved to freeCodeCamp.org/news,7 min read,"Jan 29,",2016,2.4K,37 responses
27 Amazing Open Source Web Development Tools for the Past YearÂ (v.2018),,Mybridge for Professionals,6 min read,"Jan 11,",2018,2.5K,7 responses
Learn Web Development in 2019 | Web Dev Tutorials,,Level Up Coding,14 min read,"Jan 29,",2019,2.8K,7 responses
A guide to modern Web Development withÂ (Neo)vim,,,7 min read,"Apr 18,",2019,3.1K,13 responses
5 best Udemy courses for learning Full Stack Web Development,,,6 min read,"Apr 27,",2017,2.4K,16 responses
What you donâ€™t know about web development,"Fear not, this isnâ€™t another mildly aggressive blog post telling you that youâ€™re inferior; Iâ€™m not here to tell you what you donâ€™t know about web development.",HackerNoon.com,8 min read,"Oct 8,",2016,659,25 responses
Beginnerâ€™s Web Development Guide Part 2:Â Backend,,devtrails.io,9 min read,"Oct 22,",2018,1.7K,3 responses
,,,5 min read,"Feb 11,",2015,1.8K,5 responses
Web Development & Designâ€Šâ€”â€ŠBest ofÂ 2017,,codeburst,6 min read,"Dec 27,",2017,1.6K,7 responses
Web Developmentâ€¦ How to get started inÂ 2017?,,hello JS,4 min read,"May 17,",2017,850,23 responses
How I Started in Web Development,,,5 min read,"May 5,",2019,1.4K,4 responses
Starting a Career in Web Development,,Insightful Software,10 min read,"Sep 4,",2018,1.7K,7 responses
Web Development TrendsÂ 2017,,HackerNoon.com,4 min read,"Jul 28,",2017,630,12 responses
5 steps to getting your first remote web development freelance client inÂ 2018,,,5 min read,"Dec 24,",2017,2.2K,10 responses
How I Learned Front-end Web Development for Free in FiveÂ Days,,,7 min read,"Aug 3,",2016,2K,23 responses
Is Frontend Web Development Sexist?,,,6 min read,"Dec 9,",2017,2.8K,11 responses
Setting Up Neovim for Web Development inÂ 2020,,Better Programming,5 min read,"Jan 16,",2020,1.4K,19 responses
If I Had to Start Web Development All Over Again ThisÂ 2021,,The Startup,7 min read,Feb 3,,3.1K,16 responses
Web Development Open Source of the Month (v.SepÂ 2018),,Mybridge for Professionals,3 min read,"Sep 19,",2018,2K,
10 Reasons Why Python Beats PHP for Web Development,,Quick Code,4 min read,"Feb 27,",2019,1.5K,112 responses
100+ Useful Web Development Tools and Resources,,Level Up!,13 min read,"Aug 19,",2016,718,19 responses
Web Development Open Source Tools of the Month (v.AprÂ 2018),,Mybridge for Professionals,3 min read,"Apr 20,",2018,1.8K,2 responses
My Favorite Web Development Online Courses inÂ 2021,,Better Programming,11 min read,"Aug 2,",2019,991,5 responses
